INSERT INTO site (id, sitename, rlat, rlon, altitude, owner_id) VALUES
(12, 'BEOU', 10.82, 1.07, 100, 1),
(13, 'ETBA', 9.12, 37.1, 1300, 1),
(14, 'Iowa', 42.017, -93.75, 480, 1),
(15, 'GHKP', 6.16, 0.06, 22, 1),
(17, 'RWBU', -2.35, 30.27, 1400, 1),
(22, 'CarlowIRE', 52.85, -6.9, 57, 1),
(23, 'Generic Site', -999, -999, -999, 1),
(24, 'belts', 39.0348, -77.0261, 50, 1),
(27, 'texas', 30, -75, 100, 1),
(33, 'BGR_B', 39.6262, -76.5575, 100, 1),
(34, 'Waverly', 40.58097, -96.55179, 400, 1),
(35, 'maine_2011', 46.65, -68.16, 168, 1),
(36, 'Denmark_Agmip', 54.9, 9.13, 15, 1),
(37, 'Prosser_WA', 45.9, -119.5, 520, 1),
(38, 'Ill_FACE', 42.18, -88.72, 233, 1),
(40, 'Nebraska_Mead', 41.23, -96.49, 321, 1),
(41, 'Starkville_MS', 33.28, -88.46, 50, 1),
(42, 'test55', 38.6899, -112.3242, 0, 1),
(43, 'PA_test', 40.2544, 283.645, 200, 1),
(44, 'MD_Rhodesdale', 38.7612, -75.923, 10, 1),
(45, 'Kinston', 35.22, -77.3266, 100, 1),
(46, 'Neb-1', 40.9491, -98.8823, 10, 1),
(47, 'Dallas', 32.9902, -97.8322, 10, 1);
INSERT INTO soil (id, soilname, o_gridratio_id, site_id, owner_id) VALUES
(1, 'Clarion', 2, 23, 1),
(4, 'ETBA', 4, 13, 1),
(6, 'BEOU', 3, 12, 1),
(76, 'Beltsville1', 6, 24, 1),
(80, 'BGR', 8, 23, 1),
(82, 'Waverly', 15, 34, 1),
(83, 'maine_2011', 17, 35, 1),
(84, 'Denmark_Agmip', 18, 36, 1),
(85, 'Carlow_IRE', 19, 22, 1),
(87, 'Ill_manual', 21, 38, 1),
(88, 'ChampaignIL', 22, 23, 1),
(111, 'Prosser_WA', 35, 37, 1),
(112, 'Paterson_soil', 36, 23, 1),
(113, 'testing_WA', 37, 23, 1),
(114, 'Harps', 38, 23, 1),
(115, 'Meadsoil', 39, 40, 1),
(116, 'Starkville_MS', 40, 41, 1),
(117, 'Belts2', 41, 23, 1),
(118, 'Prosser_WA_new', 42, 37, 1),
(119, 'MD_Rhodesdale_2011', 43, 44, 1),
(120, 'Santhosh', 44, 24, 1),
(121, 'test by dev', 45, 24, 1),
(122, 'test by dev 2', 46, 24, 1);

INSERT INTO "weather_meta" ("id", "stationtype", "site", "Bsolar", "Btemp", "Atemp", "BWInd", "BIR", "AvgWind", "AvgRainRate", "ChemCOnc", "AvgCO2", "owner_id")
VALUES 
(48, 'BEOU_C', 'BEOU', 1000000, 1, 0, 1, 1, 1, 3, 0, 360, 1),
(49, 'ETBA_C', 'ETBA', 1000000, 1, 0, 1, 1, 1, 3, 0, 360, 1),
(50, 'RWBU_C', 'RWBU', 1000000, 1, 0, 1, 1, 1, 3, 0, 360, 1),
(52, 'GHKP_C', 'GHKP', 1000000, 1, 0, 1, 1, 1, 3, 0, 360, 1),
(55, 'IowaH', 'Iowa', 1000000, 1, 0, 1, 1, 3, 10, 0, 380, 1),
(63, 'CarlowIRE', 'CarlowIRE', 1000000, 1, 0, 1, 1, 0, 0.2, 0, 400, 1),
(77, 'beltsville1', 'belts', 1000000, 1, 0, 1, 1, 4, 4, 0, 450, 1),
(80, 'texasW', 'texas', 1000000, 1, 0, 1, 1, 4, 4, 3, 350, 1),
(95, 'Waverly', 'Waverly', 1000000, 1, 0, 1, 1, 12, 3, 0, 450, 1),
(96, 'maine_2011', 'maine_2011', 1000000, 1, 0, 1, 1, 1, 4, 0, 400, 1),
(97, 'Denmark_Agmip', 'Denmark_Agmip', 1000000, 1, 0, 1, 1, 1, 4, 0, 360, 1),
(98, 'Prosser2004', 'Prosser_WA', 1000000, 1, 0, 1, 1, 0, 2, 0, 400, 1),
(99, 'Ill_FACE05', 'Ill_FACE', 1000000, 1, 0, 1, 1, 3.6, 4, 0, 370, 1),
(103, 'Prosser_WA', 'Prosser_WA', 1000000, 1, 0, 1, 1, 1, 1, 0, 400, 1),
(105, 'IowaC1', 'Iowa', 1000000, 1, 0, 1, 1, 12, 3, 0, 450, 1),
(106, 'IowaC2', 'Iowa', 1000000, 1, 0, 1, 1, 12, 3, 0, 900, 1),
(107, 'meadstation', 'Nebraska_Mead', 1000000, 1, 0, 1, 1, 5, 1, 0, 370, 1),
(108, 'Starkville_MS', 'Starkville_MS', 1000000, 1, 0, 1, 1, 0, 4, 0, 320, 1),
(112, 'Year1', 'Starkville_MS', 1000000, 1, 0, 1, 1, 0, 4, 0, 320, 1),
(113, 'Startville_Year1Rotation', 'Starkville_MS', 1000000, 1, 0, 1, 1, 0, 4, 0, 320, 1),
(115, 'Starkville_Year2Rotation', 'Starkville_MS', 1000000, 1, 0, 1, 1, 0, 4, 0, 320, 1),
(116, 'Starkville_2Year', 'Starkville_MS', 1000000, 1, 0, 1, 1, 0, 4, 0, 320, 1),
(122, 'MD_Rhodesdale', 'MD_Rhodesdale', 1000000, 1, 0, 1, 1, 1, 1, 0, 400, 1),
(123, 'Neb-1', 'Neb-1', 1000000, 1, 0, 1, 1, 0, 0, 0, 0, 1),
(124, 'Dallas', 'Dallas', 1000000, 1, 0, 1, 1, 0, 0, 0, 0, 1),
(125, 'santhosh_station_weather', 'belts', 1000000, 1, 0, 1, 1, 0, 0, 0, 0, 1);
INSERT INTO experiment (exid, name, crop, owner_id) VALUES
(242, 'BEOU1401', 'maize',1),
(257, 'ETBA', 'maize',1),
(258, 'Iowa', 'maize',1),
(267, 'CarlowIRE', 'potato',1),
(269, 'Belts', 'maize',1),
(270, 'Dennis', 'potato',1),
(272, 'missouri', 'maize',1),
(273, 'Crown', 'maize',1),
(275, 'Waverly', 'maize',1),
(276, 'Maine', 'potato',1),
(278, 'Denmark', 'potato',1),
(279, 'test_sb', 'soybean',1),
(280, 'Ill_FACE', 'soybean',1),
(281, '2005try1', 'soybean',1),
(282, 'Washington', 'potato',1),
(283, 'HistoryFuture', 'soybean',1),
(284, 'test', 'fallow',1),
(290, 'Starkville_MS', 'cotton',1),
(292, 'Iowa_forFallow', 'soybean',1),
(293, 'IowaFallow', 'fallow',1),
(294, 'test', 'maize',1),
(295, 'BEOU1401', 'fallow',1),
(296, 'Maryland', 'potato',1),
(298, 'Maryland', 'fallow',1),
(299, 'test', 'cotton',1),
(300, 'test by dev', 'soybean', 1);


INSERT INTO treatment (tid, t_exid, name, owner_id) VALUES
(123, 257, '1301',1),
(137, 258, 'Iowa07',1),
(146, 257, '1501',1),
(157, 267, 'CarlowIRE1998',1),
(166, 269, 'highN',1),
(167, 270, 'HighN',1),
(168, 269, 'LowN',1),
(170, 272, 'test1',1),
(171, 273, 'BGR_B',1),
(174, 275, 'LowN',1),
(175, 276, 'HB_2011',1),
(176, 278, 'Agmip1990',1),
(177, 279, 'run1',1),
(178, 279, 'run2004',1),
(179, 281, 'trial',1),
(180, 280, 'Treat2005',1),
(182, 278, 'test',1),
(183, 282, 'Prosser_Demo',1),
(184, 282, 'Paterson_Demo',1),
(185, 282, 'Paterson_300kg',1),
(186, 282, 'Paterson_150kg',1),
(187, 282, 'Paterson_450',1),
(188, 258, 'Iowa06_AM',1),
(189, 258, 'Iowa07_AM',1),
(190, 283, '1990',1),
(191, 283, 'RCP45_2091',1),
(192, 283, 'RCP85_2021',1),
(194, 258, 'Iowa07B',1),
(195, 258, 'Iowa07_16',1),
(210, 272, 'test2',1),
(211, 272, 'test3',1),
(238, 284, 'BEOU2009',1),
(248, 290, '1992',1),
(250, 290, '1993',1),
(251, 284, 'Starkville',1),
(252, 284, 'Starkville_Fallow',1),
(260, 292, 'Iowa07_AM',1),
(261, 293, 'Iowa06_AM',1),
(262, 294, 'testt',1),
(263, 295, '1401',1),
(265, 290, 'test2',1),
(275, 242, 'residue1',1),
(278, 296, 'Rhodesdale_HB_2011',1),
(279, 296, 'Rhodesdale_HB_2012',1),
(280, 298, 'Rhodesdale_2011_12_Fallow',1),
(282, 290, 'test3',1),
(283, 242, 'residue2',1),
(285, 242, 'BEOU_Irr',1),
(286, 242, '1401',1),
(290, 242, '1401Ir',1),
(294, 290, 'test5',1),
(296, 284, '2006',1),
(297, 299, 'test e',1),
(298, 290, 'test6',1),
(299, 300, 'run1',1),
(300, 290, 'test7',1),
(301, 290, 'copy_of_1992',1);
